{
  "N01": [107.11440432116501, 5.979638175117454, -69.1032469111895],
  "N02": [-30.902847882143096, 3.2920775565269498, -60.3061113245808],
  "N03": [-131.5963161736898, 1.3677769233542265, -55.89061710717829],
  "S01": [107.64574001475297, 4.9022146011748555, 56.94211668625597],
  "S02": [-30.513103582456285, 2.221650647046377, 58.572976014608756],
  "S03": [-125.94755719130627, 3.8630629586108736, 63.715334660482924],
  "taxiN01": [42.985965079930274, 4.148598371750453, -61.749794841601016],
  "taxiN02": [-98.51383919085721, 9.184726379036684, -59.0673747889634],
  "taxiS01": [43.121138189077634, 7.127855898594904, 59.70233932171202],
  "taxiS02": [-86.4655026746331, 2.9615055303493905, 61.55258084010095]
}
