{
  "coords": {
    "B11": [-14320.520438087218, -4266.3152562745045],
    "B12": [-14324.224612162232, -4440.890567425127],
    "B13": [-14148.54092746153, -4248.354795686916],
    "B14": [-14148.128430636538, -4266.754846487018],
    "B15": [-14152.245101536546, -4440.859325362642],
    "B16": [-14152.599262911535, -4454.730208437742],
    "B17": [-14123.670044386432, -4266.992336961998],
    "B18": [-14123.670044386432, -4352.600837512333],
    "B19": [-14124.728379836437, -4440.209338062667],
    "B110": [-14068.10743326121, -4235.919354149366],
    "B111": [-14070.75327188622, -4266.081914474487],
    "B112": [-14070.75327188622, -4348.632079574817],
    "B113": [-14069.694936436215, -4440.1239092251435],
    "B114": [-14069.049097811205, -4468.753153150297],
    "B115": [-13958.040546460767, -4244.915205474403],
    "B116": [-13958.686385085777, -4266.198585374495],
    "B117": [-13961.21555281078, -4440.536406050137],
    "B118": [-13961.098881910772, -4451.81978595023],
    "B119": [-13842.681982410306, -4235.919354149367],
    "B120": [-13843.740317860309, -4266.965243574478],
    "B121": [-13845.327821035316, -4338.048725074775],
    "B122": [-13843.211150135308, -4362.919608149875],
    "B123": [-13844.798653310314, -4440.944754200166],
    "B124": [-13845.327821035316, -4467.694817700293],
    "B125": [-13732.085927884862, -4245.973540924407],
    "B126": [-13730.498424709856, -4266.611082199489],
    "B127": [-13723.61924428483, -4340.694563699785],
    "B128": [-13726.79425063484, -4361.332104974868],
    "B129": [-13725.206747459835, -4440.71141240015],
    "B130": [-13726.79425063484, -4451.290618225228],
    "B131": [-13668.056633159607, -4266.669417649494],
    "B132": [-13665.9399622596, -4350.2195827498235],
    "B133": [-13665.9399622596, -4440.707263725186],
    "B134": [-13639.481576009493, -4266.611082199489],
    "B135": [-13637.894072834486, -4350.394589099837],
    "B136": [-13640.010743734494, -4440.178096000183]
  }
}
