{
  "coords": {
    "B1": [-233.805845333449, 1244.1518463943485],
    "B2": [-14123.805845333449, 1212.1538463943485],
    "B3": [-431.805845333449, 3237.1528463943485],
    "B4": [-3434.805845333449, 12237.1548463943485],
    "B5": [-12.805845333449, -12237.1558463943485],
    "B6": [-3.805845333449, 1212.1568463943485],
    "B7": [14753.805845333449, 1237.1588463943485],
    "B8": [1212.805845333449, 4237.1458463943485],
    "B9": [343.805845333449, 7237.1478463943485],
    "B10": [124.805845333449, 1237.1488463943485],
    "B11": [786.805845333449, 1237.1128463943485],
    "B12": [1245.805845333449, 3237.1534463943485],
    "B13": [76.805845333449, -4237.145463943485]
  }
}
